Employee ID,First Name,Last Name,Email,Phone Number,Department,Position,Salary,Date of Joining,Location
0,E7000,Danielle,Smith,gabrieltucker@hancock.com,(270)289-5171x8702,IT,Specialist,36630,2016-03-05,Stevenside
1,E1001,Angel,Le,gallowayjoseph@yahoo.com,(217)459-6158x65780,HR,Coordinator,115477,2017-02-16,Patelbury
2,E1002,Joshua,Maldonado,uhorton@hotmail.com,+1-134-316-1172x400,Sales,Analyst,100855,2023-01-13,South Michael
3,E1003,Jeffrey,Herrera,jamesrobinson@gmail.com,045-562-3869x22219,Marketing,Manager,139579,2020-05-03,Jacobville
4,E1004,Jill,Adams,brian97@calhoun.net,(937)923-7474x0748,Marketing,Executive,31934,2017-11-01,Port Donnatown
5,E1005,Erica,Davidson,caseyjones@powell.com,(175)946-4743,Finance,Analyst,42224,2022-01-06,East Carlos
6,E1006,Patricia,Rodriguez,barnesbrandy@stewart.com,(713)695-9440x6409,IT,Consultant,128771,2023-09-01,South Carlaton
7,E1007,Christopher,Graham,randy47@hickman-walls.com,+1-097-439-5339x42104,IT,Executive,141240,2020-05-29,Lake Bradley
8,E1008,Robert,Chavez,jonesjason@yahoo.com,095.214.5623x285,R&D,Analyst,60982,2017-02-11,Youngborough
9,E1009,Anthony,Mckay,nicole35@moore-bass.com,842.474.5171x23685,HR,Specialist,51798,2020-02-20,East Williamport
10,E1010,Jeffery,Liu,sarah12@wilson-rodriguez.net,604-817-5496,HR,Team Lead,83269,2021-05-15,Port Sabrina
11,E1011,William,Baker,juan35@watts.net,+1-513-709-8593x1746,IT,Coordinator,93653,2018-11-16,Barbaramouth
12,E1012,Anthony,Mason,rebecca01@hotmail.com,200-471-1382,Marketing,Manager,93092,2018-11-05,West Nancy
13,E1013,James,White,bradley52@hotmail.com,(758)692-6179x6405,Marketing,Analyst,58016,2017-05-22,South Kevin
14,E1014,Debra,Gaines,joycearnold@yahoo.com,773.515.8506,HR,Team Lead,143331,2023-04-03,New Stacyburgh
15,E1015,Amy,Harrell,jonesnicole@gardner.org,317-139-0053x293,Marketing,Executive,82565,2017-09-21,Peterston
16,E1016,Jeffrey,Evans,tanderson@nolan-flynn.com,839-335-2904,R&D,Analyst,148284,2022-11-10,Shellyfurt
17,E1017,Bridget,Fowler,evelynestrada@yahoo.com,(284)210-2053,Marketing,Intern,37685,2021-06-22,Heatherchester
18,E1018,Lisa,Lynch,sarayoung@gmail.com,001-502-402-6811,Customer Support,Team Lead,51579,2022-03-11,West Nicholas
19,E1019,Adam,Hernandez,vjohnson@patton-jenkins.com,758.917.8390x8470,Sales,Consultant,79672,2024-06-17,Allenbury
20,E1020,Linda,Farmer,kristinrodriguez@gmail.com,7661771159,HR,Team Lead,30282,2023-02-16,Meredithberg
21,E1021,Helen,Ryan,jamessellers@yahoo.com,(124)998-5698,Finance,Manager,81173,2024-04-06,Melendezside
22,E1022,Matthew,Osborne,jeffreykeller@yahoo.com,789-611-8367x3657,R&D,Consultant,64760,2018-11-01,Faulknerside
23,E1023,Eric,Moreno,michelle45@hotmail.com,(615)654-5271x1116,Operations,Coordinator,132769,2019-04-30,South John
24,E1024,Susan,Smith,sheila14@gmail.com,528-098-8516,Sales,Manager,132908,2016-07-05,West Deborah
25,E1025,Matthew,Nguyen,rodriguezryan@hotmail.com,(604)945-1983x273,Finance,Executive,89638,2024-01-22,Booneland
26,E1026,Christopher,Smith,gobrien@gmail.com,585-149-3689,Marketing,Consultant,67388,2022-09-19,North Joseph
27,E1027,Colin,Hickman,jonathanfletcher@gmail.com,+1-809-402-4455x022,Operations,Analyst,85444,2024-02-07,Port Charlesshire
28,E1028,Melanie,Koch,ryan59@alvarado-martinez.com,001-612-018-3667,IT,Intern,121303,2021-04-10,South Jason
29,E1029,Cassandra,Decker,snguyen@yahoo.com,254-599-1022x90147,IT,Manager,125748,2016-06-12,Kevintown
30,E1030,Lindsay,Parker,robertbentley@adkins.biz,+1-679-764-3815x61497,R&D,Intern,132676,2024-09-18,East Suzanne
31,E1031,Jessica,Brown,justin69@pena.com,403.690.0343x24451,IT,Executive,102845,2017-01-10,Lake Yvonnefort
32,E1032,Amanda,Humphrey,donnacampbell@hotmail.com,7622683885,Operations,Executive,116752,2016-03-02,Lake Cassandra
33,E1033,Teresa,Arroyo,cardenaskaren@hotmail.com,606-071-5969,Operations,Coordinator,124163,2024-06-07,South Rose
34,E1034,Nicholas,Miller,lindsayhernandez@gmail.com,(641)605-2975x1613,Sales,Executive,93788,2023-09-19,Kimberlyfurt
35,E1035,Andrea,Tucker,xcarr@gibson.org,(968)164-5352x18188,HR,Team Lead,50289,2018-07-23,Fergusonstad
36,E1036,Maria,Jones,psnyder@douglas.com,552.312.4329,Customer Support,Team Lead,54890,2024-11-10,Josehaven
37,E1037,Christine,Hodges,gregoryrubio@hotmail.com,(127)799-7995,IT,Coordinator,68890,2024-03-31,Owensfort
38,E1038,Michelle,Cannon,grantsamantha@gmail.com,+1-527-177-4490x5814,R&D,Team Lead,58534,2017-09-01,Robinstad
39,E1039,Barbara,Anderson,lauriecontreras@hotmail.com,700.541.1998x679,IT,Analyst,37665,2017-12-01,Robertshire
40,E1040,Janet,Alvarez,usalazar@hotmail.com,+1-079-359-7820,Sales,Specialist,105914,2020-09-12,Lake Dustin
41,E1041,Brandon,Pierce,vmerritt@yahoo.com,151.820.3778x892,Operations,Intern,126434,2023-12-21,Angelashire
42,E1042,Jeremy,Baker,karen48@yahoo.com,(546)659-0515x186,Marketing,Intern,101066,2022-08-20,Phillipsborough
43,E1043,Keith,Brennan,scott43@rogers-orozco.com,492-519-2546x2914,IT,Analyst,37989,2017-02-04,Jerryshire
44,E1044,Christopher,Henderson,jessebenson@lewis.info,+1-652-816-8505,HR,Specialist,128038,2018-08-12,South Andrea
45,E1045,Jesse,Lewis,clarkrobert@hotmail.com,235-733-2214x1888,Marketing,Consultant,71104,2025-01-14,Jonathanfort
46,E1046,Craig,Ryan,wwoods@molina-castaneda.biz,5929622292,Sales,Coordinator,37492,2023-06-08,Murraystad
47,E1047,Joshua,Blair,brobinson@johnson-rogers.biz,001-706-537-9473x8347,IT,Coordinator,36572,2016-08-31,East Jennifer
48,E1048,Cynthia,Harris,ncalhoun@johnson.com,597.746.8862,Marketing,Executive,106569,2023-10-20,Whiteside
49,E1049,Michael,Collins,dtaylor@williams.com,924.075.8181,IT,Intern,92493,2022-09-12,New Arthurland
50,E1050,Mitchell,Carney,wmurphy@ramirez-bean.biz,124-782-6137x5060,R&D,Intern,95909,2016-01-24,Port Adamberg
51,E1051,Jason,Santos,ruizkaitlyn@gmail.com,(853)615-3051x5220,Sales,Executive,141767,2022-10-31,North Jasmine
52,E1052,Joseph,Kim,debraharrington@hotmail.com,727-790-1043x2898,Customer Support,Consultant,99615,2017-05-12,East Williamstad
53,E1053,Sharon,Holmes,herringjames@howell.com,(143)410-3697x11798,Operations,Manager,50635,2023-11-07,New Danafort
54,E1054,Deborah,Martinez,elliottjeffery@hotmail.com,8932460953,Finance,Intern,37455,2022-03-09,Smithside
55,E1055,Chelsea,Walker,gary91@gmail.com,001-621-851-8888,Operations,Intern,96562,2022-11-21,Smithhaven
56,E1056,George,Morgan,lanesarah@hotmail.com,+1-067-065-4051,Operations,Manager,40500,2024-09-17,Amandaport
57,E1057,Jessica,Chapman,mdavid@gmail.com,(319)520-5852x772,Marketing,Executive,141587,2016-02-06,New Lisachester
58,E1058,Frank,Hall,terrykevin@burke.com,(170)430-3054,Sales,Manager,54356,2024-08-16,North Samantha
59,E1059,Noah,Robinson,estanley@hotmail.com,687.403.4505x41566,IT,Intern,38981,2022-12-26,East James
60,E1060,Veronica,Jones,atkinsonlynn@gmail.com,001-765-277-5841x6169,Finance,Executive,107992,2020-05-11,Lisaview
61,E1061,Danielle,Welch,cynthia72@yahoo.com,(845)115-4479,Marketing,Manager,38907,2015-06-28,Millerfurt
62,E1062,Angela,Perez,christina87@graham-simon.com,001-627-570-5964x016,Finance,Consultant,118501,2021-11-08,Cunninghambury
63,E1063,Gabrielle,Whitehead,mariahmiller@yahoo.com,(820)297-0213x556,Customer Support,Executive,142960,2019-06-13,Gabriellaland
64,E1064,Megan,Heath,qhudson@rogers-snyder.com,001-092-755-7192,R&D,Intern,60828,2015-03-03,North Richardfurt
65,E1065,Kimberly,Jones,zlewis@peterson-beard.com,565.431.0278x68144,Sales,Analyst,82923,2018-10-28,Browntown
66,E1066,Jeremy,Young,christophercortez@peters-allen.info,001-739-473-1217x271,Marketing,Coordinator,45713,2024-12-15,North Vincent
67,E1067,Antonio,Caldwell,fmcguire@yahoo.com,+1-551-884-4225x83132,Operations,Intern,146691,2016-05-11,Newmanmouth
68,E1068,Leslie,Lewis,tholt@perkins.biz,705.895.7829,HR,Team Lead,104668,2015-11-21,New Samanthabury
69,E1069,Joseph,Anderson,jacqueline44@yahoo.com,146-786-6912,Marketing,Coordinator,62271,2022-04-29,Port Heather
70,E1070,Jason,Walls,griffithleslie@herrera.com,177-852-8922x68018,HR,Intern,105880,2020-12-23,Nelsonland
71,E1071,Sherri,Duncan,jenny89@yahoo.com,(422)535-8414,Operations,Coordinator,107924,2016-03-15,Rachelshire
72,E1072,Nancy,Kennedy,kennethward@smith-ferguson.com,842.498.1829,R&D,Specialist,35209,2024-04-28,East Sarahmouth
73,E1073,Leonard,Mueller,tranheidi@little.com,001-229-959-0010,Sales,Intern,111183,2016-02-22,East Brendafurt
74,E1074,Diana,Aguirre,taylor75@sheppard.info,+1-943-969-0784x4736,IT,Executive,40745,2016-04-16,West Franciscobury
75,E1075,Randall,Lee,moralescharles@parks.com,710-276-7735x9255,Marketing,Executive,84948,2023-02-24,Rhodesside
76,E1076,Robin,Davis,davidduran@carlson.biz,001-562-588-1537x1473,Operations,Specialist,116163,2015-08-29,Patrickberg
77,E1077,Stephen,Jordan,levans@yahoo.com,(104)696-3259,Marketing,Consultant,106503,2020-01-01,New Juliestad
78,E1078,Joseph,Henderson,lynchjody@gmail.com,001-532-787-7470x1687,Customer Support,Specialist,104085,2022-01-27,North Samuelland
79,E1079,John,Owens,donna23@arnold.com,395.004.7974,R&D,Specialist,98522,2018-03-07,Cassiefurt
80,E1080,Anna,Daniel,enorris@yahoo.com,+1-016-245-6506,Customer Support,Coordinator,71467,2017-06-03,Anthonyview
81,E1081,Jose,Nunez,keithcampbell@jones-hall.com,9835841687,Finance,Manager,64179,2022-04-09,Henrystad
82,E1082,Brenda,Joyce,owilson@hernandez.com,001-849-912-1655x85239,Sales,Executive,56772,2021-06-27,Reynoldsshire
83,E1083,Rachael,Garcia,brooke94@martinez-barker.biz,680.002.5787x29825,Finance,Manager,117782,2021-08-16,Millerport
84,E1084,Reginald,Powell,mkim@gmail.com,+1-526-949-5888x794,Marketing,Specialist,123872,2022-10-01,Lake Charles
85,E1085,Jeffrey,Morgan,cassandra01@gmail.com,055.169.4097x4993,Sales,Consultant,71180,2021-07-16,Ericberg
86,E1086,Whitney,Hensley,barbara27@pearson.org,001-097-289-6230x9130,R&D,Executive,61285,2021-07-05,Stewartville
87,E1087,William,Wright,ecosta@yahoo.com,562.636.8970x283,R&D,Intern,64814,2016-06-25,North Sherrymouth
88,E1088,Christopher,Lee,manuel12@yahoo.com,+1-578-652-7858,Operations,Intern,81876,2024-04-17,Kathleenville
89,E1089,Brandon,West,zroberts@hotmail.com,(497)334-8434x437,Marketing,Intern,47154,2017-05-19,North Jacob
90,E1090,Daniel,Henderson,qmiller@wilson-barton.net,758-441-9866x52404,Finance,Coordinator,118039,2021-01-12,Hawkinshaven
91,E1091,Courtney,Ramirez,mgutierrez@cox.com,001-157-473-3848x421,Customer Support,Team Lead,114607,2017-02-19,Garcialand
92,E1092,Laura,Wright,andrea47@washington.com,+1-933-083-3016x571,IT,Specialist,69321,2018-02-25,Angelamouth
93,E1093,Robert,Leblanc,andrea86@walker.info,+1-208-267-7345x40193,HR,Team Lead,89929,2024-04-04,Smithchester
94,E1094,Bryan,Ramos,tyronemoran@thornton.info,+1-026-206-7240,IT,Analyst,71441,2021-10-21,Maxwellside
95,E1095,Patrick,Callahan,yarnold@weeks.com,4991547887,Finance,Coordinator,128548,2024-02-12,New Adriana
96,E1096,Wendy,Pierce,kendra65@adams.org,(874)315-2742,Finance,Intern,39508,2017-04-14,Jacksonview
97,E1097,Allison,Williams,seanwashington@yahoo.com,5493296685,R&D,Executive,31220,2018-11-27,Josephberg
98,E1098,Tasha,Kidd,mcantu@hotmail.com,612-275-3046,IT,Coordinator,90068,2015-03-06,East Ryanchester
99,E1099,Michelle,Huff,xhall@williams-garner.biz,745.499.0453,R&D,Executive,111416,2015-07-04,Toddland
